Id,label
0560,glass
4675,cup
0875,glass
4436,spoon
8265,plate
2422,cup
4617,knife
6446,fork
8882,cup
4257,knife
8705,cup
5952,cup
1533,cup
1717,knife
1228,fork
4138,cup
4499,plate
2220,plate
1085,cup
8987,spoon
3847,cup
7143,spoon
7042,knife
5511,spoon
6333,spoon
8307,cup
5589,spoon
6826,knife
3354,plate
0241,plate
7406,knife
2495,cup
6477,glass
9407,cup
9008,spoon
7541,knife
3201,plate
4853,plate
2031,glass
7395,plate
5596,plate
5272,knife
1279,fork
5964,cup
4047,plate
8622,knife
9249,knife
4766,knife
8500,plate
9312,cup
6796,spoon
3801,knife
4786,plate
2112,fork
5984,knife
1324,cup
3929,glass
4110,glass
8112,spoon
3732,spoon
0138,glass
9445,plate
0373,plate
8092,plate
2954,spoon
2122,cup
0598,fork
0442,glass
3258,cup
0100,cup
2296,glass
4445,cup
4826,glass
6562,knife
6659,knife
0755,glass
4178,plate
6617,spoon
6912,plate
3806,knife
8636,plate
5384,fork
8075,fork
5567,spoon
8923,knife
5472,plate
7322,plate
7155,plate
2338,fork
0463,glass
3924,spoon
6786,plate
8903,glass
3910,spoon
8096,glass
0505,knife
6910,plate
6429,spoon
3735,cup
8409,plate
2967,plate
2751,spoon
6266,spoon
2104,knife
4962,fork
7826,cup
1698,plate
7106,fork
5211,spoon
3928,cup
4087,spoon
9041,glass
8553,cup
3546,spoon
8539,spoon
9361,spoon
2053,fork
2852,plate
6521,spoon
5651,plate
1978,spoon
5118,knife
7218,cup
8164,plate
8739,knife
6990,fork
8435,cup
6898,fork
7442,fork
6929,cup
8688,knife
3218,plate
2170,spoon
3462,cup
4595,cup
2356,plate
7641,plate
8124,cup
1916,plate
2172,glass
3715,plate
6253,spoon
1654,cup
4378,glass
4979,glass
0911,fork
0149,cup
8268,cup
1525,spoon
0451,cup
0148,cup
7477,cup
6580,cup
3880,spoon
0237,knife
4234,fork
8643,cup
0188,spoon
4135,plate
3944,cup
0262,plate
1235,cup
5405,cup
2517,cup
5147,plate
9255,cup
7662,spoon
4505,glass
9109,cup
2385,cup
6897,spoon
7580,spoon
1780,cup
5368,cup
2381,knife
4160,plate
6836,cup
2140,plate
5055,glass
1191,glass
3195,cup
6145,spoon
8467,fork
5660,plate
0320,cup
0618,spoon
5655,cup
0691,spoon
1864,plate
7740,glass
5974,fork
9188,plate
0644,glass
1553,cup
5117,glass
5571,spoon
6930,knife
1246,cup
4674,glass
0821,glass
5918,knife
7724,plate
5714,glass
3112,cup
8935,glass
3808,knife
2142,plate
8679,knife
8990,spoon
7056,glass
1080,cup
8434,cup
8160,knife
5106,fork
7871,cup
2591,spoon
9359,spoon
3067,spoon
4744,plate
6835,spoon
7230,glass
4034,glass
8024,cup
7752,knife
1988,fork
6134,cup
5514,plate
2243,cup
5019,cup
1158,spoon
9066,spoon
9333,knife
4739,spoon
6860,cup
1617,plate
2088,knife
8279,knife
6481,plate
4890,knife
1272,spoon
0748,knife
3451,glass
8354,plate
7303,spoon
8210,knife
0027,knife
1357,knife
0347,plate
0890,cup
4207,spoon
9055,glass
7084,spoon
7214,fork
0957,glass
2963,cup
7187,plate
7252,glass
4048,plate
5162,fork
5293,glass
4946,glass
8905,plate
4571,glass
6177,cup
8670,plate
6552,plate
6157,plate
8932,cup
7420,plate
0272,knife
2650,fork
7361,glass
7859,plate
2059,plate
7253,cup
4377,knife
5403,spoon
2839,glass
5544,cup
3605,knife
1365,plate
2547,knife
0006,cup
3531,cup
4879,plate
9147,plate
8212,spoon
3012,knife
6756,spoon
2702,spoon
1749,glass
7262,knife
1616,fork
7734,spoon
3346,fork
3804,spoon
8702,plate
3908,glass
1498,knife
6267,cup
2737,knife
1473,cup
4618,glass
8780,glass
9126,plate
9197,spoon
4304,plate
9261,cup
0838,cup
5193,spoon
4570,cup
9004,glass
6629,plate
4311,knife
7643,plate
3585,knife
8458,spoon
8351,cup
8866,cup
1040,spoon
9155,plate
8449,plate
2392,cup
1263,spoon
1784,fork
4289,knife
2438,fork
2735,fork
9401,plate
3971,glass
2595,cup
7044,spoon
1937,glass
2887,plate
6837,spoon
5575,glass
6486,spoon
3789,cup
1179,spoon
6293,plate
8430,plate
6698,glass
3952,knife
5123,fork
3770,knife
2515,spoon
1670,spoon
7008,plate
0664,fork
8988,glass
0058,knife
6096,knife
2604,plate
4787,cup
5181,knife
0878,plate
6460,knife
8661,spoon
7528,fork
3269,knife
7391,knife
6550,plate
0431,spoon
5383,cup
1306,glass
8015,knife
1150,fork
7764,glass
3077,spoon
7726,plate
3197,fork
1315,spoon
1805,plate
1661,knife
4993,knife
2692,cup
5633,cup
6684,glass
1955,spoon
1962,spoon
6811,spoon
8278,spoon
4354,plate
6461,plate
2662,knife
9259,plate
6367,cup
8319,spoon
2992,fork
9070,glass
6505,knife
3003,spoon
9375,fork
4477,cup
5657,cup
3181,knife
2245,spoon
3603,glass
7847,cup
1643,glass
8080,spoon
6791,plate
1549,knife
0508,cup
2720,plate
7409,fork
6862,glass
0180,glass
2115,fork
2503,spoon
2569,cup
9385,plate
8019,plate
3124,knife
2782,knife
8606,knife
1125,fork
3477,knife
3648,knife
8320,glass
4721,knife
6926,plate
5302,spoon
1402,glass
1600,knife
1407,plate
4090,plate
2933,plate
9335,plate
0013,knife
3291,knife
7907,cup
1162,plate
9370,plate
5529,cup
0607,spoon
1682,plate
6008,cup
3002,plate
7033,spoon
8190,fork
0406,plate
8290,plate
4060,fork
3454,spoon
8703,fork
3213,knife
2613,knife
8761,glass
5576,plate
3792,glass
0760,plate
3574,spoon
2647,glass
4235,plate
9341,cup
7501,cup
8255,plate
6851,glass
7563,spoon
5332,plate
4889,plate
7676,spoon
8976,plate
0221,plate
3289,knife
0284,cup
8821,plate
2734,plate
4924,spoon
1387,plate
1556,cup
8942,knife
4774,glass
2621,spoon
6743,glass
0972,cup
2749,spoon
1082,knife
3925,spoon
8781,knife
3199,cup
6665,fork
3255,fork
0811,cup
2986,spoon
5423,cup
7339,cup
8089,spoon
4833,cup
7919,plate
4594,plate
4385,spoon
5343,fork
6510,spoon
7195,knife
3405,knife
8860,plate
8640,fork
6748,glass
5128,plate
7874,spoon
5262,glass
1039,plate
8877,fork
8698,knife
0316,plate
0549,fork
5898,glass
2005,cup
8764,knife
7858,cup
0629,knife
5919,spoon
8456,glass
4715,plate
8287,knife
0462,plate
3037,cup
3176,glass
4600,glass
0801,spoon
4639,cup
0532,cup
3694,cup
5330,glass
7902,cup
2808,glass
5967,spoon
2456,cup
2739,cup
8909,spoon
8579,spoon
4040,cup
2976,cup
2153,spoon
0032,spoon
5658,plate
2232,knife
5861,knife
0026,plate
4565,spoon
0651,glass
0458,plate
3953,plate
6062,cup
6410,knife
5490,knife
6355,knife
7046,plate
5470,plate
2404,spoon
8447,glass
0029,cup
3508,spoon
3326,spoon
0787,knife
0921,knife
2920,cup
8727,spoon
8999,glass
9232,glass
5551,fork
1216,glass
6902,fork
6212,cup
1920,plate
3347,fork
2163,knife
7645,plate
1539,cup
4181,fork
2147,glass
3786,plate
3644,plate
3637,glass
8989,spoon
1164,plate
6448,knife
5673,plate
2195,spoon
6392,spoon
4431,glass
0184,fork
9150,knife
7793,fork
1112,spoon
5980,spoon
8326,glass
9281,spoon
4855,cup
9137,fork
2482,glass
0839,plate
0606,knife
1283,plate
1529,fork
8111,plate
2156,glass
8507,cup
2325,spoon
7644,fork
5459,spoon
5065,glass
2237,spoon
5020,plate
5410,cup
1047,fork
0750,knife
2779,plate
6019,cup
2345,cup
3512,plate
3071,spoon
2101,plate
1423,spoon
0653,spoon
4028,spoon
3455,knife
9064,fork
3814,fork
9288,knife
7670,cup
5320,spoon
8631,cup
2089,cup
0785,knife
8843,spoon
9315,knife
6033,fork
5443,knife
5492,fork
4515,plate
4243,glass
4580,spoon
8117,knife
8179,cup
5580,plate
5523,knife
4808,cup
0992,cup
7519,cup
8940,fork
6661,glass
5810,plate
0886,cup
8687,cup
5708,spoon
7631,plate
5546,plate
6850,cup
7200,plate
0621,plate
5956,glass
0066,cup
1808,spoon
3900,plate
0122,glass
8363,cup
6674,cup
8583,spoon
3257,fork
7468,cup
4834,knife
2562,spoon
7040,fork
6020,plate
6625,fork
3673,plate
0780,plate
5838,spoon
1586,fork
5874,plate
5137,cup
1847,fork
1826,fork
5515,knife
5466,spoon
4951,spoon
2175,glass
6361,knife
5809,cup
6975,cup
5983,knife
5859,plate
3032,plate
3367,fork
8459,spoon
2845,cup
4725,knife
6576,plate
9138,fork
1397,plate
0825,spoon
3791,glass
5445,spoon
8828,spoon
8919,glass
6841,glass
7343,cup
4526,spoon
6966,cup
6200,cup
8937,spoon
4829,glass
1825,cup
8365,knife
6063,plate
4861,spoon
0768,cup
3089,plate
5996,glass
0595,knife
0995,spoon
2079,cup
6186,knife
3747,cup
4903,cup
5294,spoon
4012,spoon
4683,spoon
8069,fork
0634,fork
6012,knife
3035,spoon
2433,fork
6248,spoon
0834,spoon
5161,plate
8041,knife
8468,spoon
3236,cup
2998,plate
6348,plate
7140,spoon
1850,plate
9121,glass
6217,plate
5774,knife
3025,plate
3764,spoon
5687,knife
8777,knife
1665,cup
8677,fork
7194,plate
6199,cup
3525,spoon
1674,plate
7043,spoon
5545,glass
8945,spoon
8595,spoon
0504,knife
0734,plate
7309,cup
5880,knife
7191,spoon
6278,glass
4062,fork
3424,plate
0537,knife
1591,spoon
6788,knife
2158,glass
8668,fork
6783,spoon
4856,glass
8930,cup
2906,glass
6605,glass
5483,spoon
3086,knife
3287,fork
0854,plate
5440,knife
5197,fork
4602,knife
0137,cup
7559,plate
4496,cup
6880,plate
6619,spoon
8021,plate
6083,glass
6389,plate
7841,fork
1145,knife
2280,cup
8611,spoon
6086,plate
4609,plate
5488,spoon
3803,plate
4559,spoon
2257,spoon
7518,knife
4713,knife
3920,glass
5347,plate
4103,glass
4492,cup
8986,fork
5500,fork
1727,plate
2081,cup
4351,fork
1364,glass
6769,spoon
5177,spoon
0695,spoon
2454,glass
1884,plate
0346,knife
0354,cup
5916,cup
6800,plate
4024,spoon
0351,plate
0725,cup
4536,cup
0202,spoon
8273,fork
8867,cup
5825,glass
2185,glass
5154,fork
3840,plate
8138,knife
7457,knife
6300,cup
8205,spoon
1096,glass
5308,plate
0212,glass
0909,cup
3427,glass
2999,spoon
3956,knife
1607,cup
7405,spoon
5553,glass
4657,plate
3319,cup
8974,fork
8173,glass
2814,cup
6533,glass
1052,plate
4069,plate
6103,plate
1483,cup
0447,glass
1260,glass
4532,spoon
8350,cup
6502,cup
8747,cup
3883,spoon
3626,knife
0396,plate
5228,fork
5866,cup
7630,fork
0222,spoon
1175,cup
1747,cup
5110,glass
0924,spoon
1859,glass
7890,glass
0302,plate
4938,knife
7611,knife
4908,knife
7239,spoon
7588,knife
9210,plate
5129,cup
0718,cup
0746,spoon
2826,plate
0589,plate
5509,knife
1065,spoon
2109,cup
2832,cup
8820,cup
0197,plate
7164,plate
9392,knife
0675,knife
2040,plate
4217,knife
1189,knife
4170,plate
5190,spoon
3474,glass
8338,knife
5959,knife
5887,spoon
0151,cup
2617,fork
1795,glass
8936,spoon
1038,glass
5609,glass
4401,knife
4397,fork
0325,glass
0152,plate
0009,cup
3990,knife
4878,knife
5282,spoon
1924,fork
0761,plate
2811,fork
4957,spoon
1552,glass
1802,spoon
3658,cup
3138,cup
7868,fork
2440,plate
7288,spoon
2938,plate
0745,knife
0933,spoon
8475,cup
0415,glass
2988,glass
4518,plate
3026,cup
3244,knife
5716,plate
1842,spoon
6592,knife
8969,cup
4213,fork
6028,cup
3355,spoon
3476,fork
1659,knife
2520,knife
6734,plate
2095,cup
0067,plate
7727,knife
8055,cup
3978,fork
9216,spoon
8042,glass
6048,spoon
2162,knife
1004,cup
1469,cup
2298,cup
8550,knife
1885,plate
3832,glass
5098,glass
4872,cup
6172,cup
3358,fork
8954,fork
0892,plate
0154,glass
8181,cup
8054,glass
7614,knife
1075,fork
9358,plate
5306,knife
1995,spoon
3660,plate
2427,plate
2288,spoon
0432,plate
2673,spoon
6689,cup
5478,spoon
4433,spoon
5944,spoon
2990,fork
4325,knife
8618,cup
5363,cup
3246,plate
4479,plate
3449,spoon
2981,spoon
0747,spoon
4072,cup
2461,cup
9123,cup
6384,cup
8469,spoon
0694,spoon
3937,plate
0275,spoon
2301,plate
0684,cup
3117,cup
0106,fork
9277,plate
0496,spoon
8664,glass
2209,spoon
1872,fork
0517,glass
3618,plate
3436,glass
5737,cup
7332,plate
6081,plate
4411,cup
8074,fork
7490,cup
8245,knife
2453,cup
2850,fork
5740,plate
2840,plate
0898,spoon
8373,cup
2861,spoon
7920,glass
6586,spoon
1778,knife
7556,spoon
8771,cup
1691,cup
0716,plate
6324,cup
5234,spoon
5486,cup
7514,knife
1328,plate
1608,plate
8254,cup
8951,knife
0038,plate
4973,cup
5767,cup
0225,knife
3627,spoon
8949,glass
4521,cup
8085,glass
3931,spoon
0174,fork
4112,spoon
8426,knife
8114,plate
5016,knife
6951,spoon
1695,spoon
2644,plate
5577,plate
5903,cup
1011,knife
2789,plate
6692,spoon
1870,spoon
0300,knife
8309,glass
7237,plate
3460,cup
4126,knife
5027,fork
8642,knife
3059,cup
2234,knife
6178,fork
7803,plate
2133,plate
2537,spoon
0166,knife
4680,plate
0773,glass
6818,cup
0724,plate
8654,spoon
2214,spoon
8900,spoon
1544,glass
0278,plate
8978,cup
5449,glass
3611,fork
5602,spoon
8968,knife
8339,fork
7668,fork
4198,spoon
6436,spoon
6304,spoon
4337,spoon
3868,plate
0733,glass
1948,spoon
8697,spoon
9012,cup
2395,plate
7059,spoon
9208,cup
5230,knife
3018,glass
0923,cup
4313,fork
4807,spoon
0798,knife
9368,plate
1773,spoon
5781,plate
4095,knife
0348,plate
3503,knife
2423,plate
2493,fork
1538,spoon
4706,plate
3578,spoon
6545,cup
0655,knife
2448,glass
7891,cup
6318,spoon
1507,plate
9246,cup
0046,plate
6981,spoon
7436,knife
0554,plate
3940,knife
1704,plate
7445,plate
4345,knife
8472,plate
8119,spoon
4658,glass
7735,fork
5524,knife
1296,knife
5413,spoon
4372,glass
4758,plate
2144,knife
0687,plate
5364,fork
5639,fork
8476,knife
0064,glass
2973,spoon
2060,plate
4772,cup
4471,plate
7699,fork
1466,cup
7010,glass
0863,cup
4175,cup
0356,knife
5227,plate
7358,knife
5011,glass
4638,glass
1523,knife
4500,knife
0857,knife
8079,knife
5618,glass
4783,knife
8598,plate
6984,spoon
1486,cup
1584,glass
0475,plate
2449,spoon
6045,knife
5213,knife
5456,glass
6903,plate
0582,cup
2401,plate
3886,cup
1543,knife
8751,plate
1954,glass
8648,knife
4693,plate
9345,cup
2391,cup
1352,cup
4194,plate
1102,knife
4272,plate
8486,cup
6604,fork
4835,plate
6358,fork
4305,spoon
1262,cup
1349,cup
4998,plate
3922,cup
2668,spoon
1522,knife
2262,fork
5145,cup
0862,fork
0938,knife
9148,knife
7827,knife
0103,plate
5856,fork
2969,glass
2645,cup
2556,plate
6559,cup
2207,glass
7224,plate
8596,fork
8832,spoon
0075,knife
2539,cup
3984,knife
0037,plate
6140,cup
1743,fork
1348,spoon
6194,knife
7650,cup
3995,spoon
0194,knife
4823,spoon
1818,plate
6148,cup
6009,cup
6882,spoon
5988,glass
6243,cup
6449,fork
0572,cup
6547,cup
1280,plate
1706,plate
2620,knife
6516,glass
4702,glass
4212,glass
0851,spoon
2184,glass
4053,spoon
7430,spoon
9251,plate
7652,knife
5674,spoon
2302,fork
6934,glass
6603,knife
3196,spoon
1414,plate
8349,plate
1836,knife
0214,cup
0729,plate
4535,spoon
7484,plate
5569,knife
0868,plate
6630,cup
4817,knife
6923,cup
2848,cup
3175,spoon
4102,cup
0737,glass
2497,plate
4666,cup
5064,plate
0460,glass
3583,plate
3411,spoon
6014,plate
5386,knife
6834,cup
7510,glass
0546,plate
3954,cup
5400,fork
2797,knife
9171,knife
2927,fork
8176,cup
8720,cup
7707,glass
4291,plate
0164,glass
2230,glass
3372,fork
8979,cup
7168,glass
2222,spoon
0342,cup
7516,plate
0697,cup
0930,knife
6891,plate
0247,plate
8156,plate
3125,cup
3819,plate
9200,glass
0393,glass
0484,knife
5630,knife
3409,plate
5057,spoon
7915,plate
1566,fork
2020,plate
3733,glass
6986,spoon
3169,spoon
2530,glass
0084,knife
5049,cup
7134,fork
4904,glass
4064,cup
8379,spoon
3491,glass
5434,glass
2344,fork
6376,knife
3778,spoon
7899,knife
7642,glass
8933,cup
4704,spoon
3711,cup
0669,knife
8366,cup
7154,spoon
0649,knife
3780,plate
0491,knife
8175,plate
5151,plate
6667,cup
6175,plate
6530,glass
2419,plate
6366,spoon
6662,spoon
2577,spoon
3540,spoon
3737,plate
3174,knife
2768,spoon
2336,plate
1697,spoon
5661,cup
4107,fork
2402,knife
3725,fork
0804,knife
1660,cup
6090,plate
4486,cup
4703,spoon
0114,plate
4534,cup
1022,knife
6025,plate
4845,cup
5355,spoon
7109,plate
0125,fork
2763,cup
1822,cup
5574,glass
9007,knife
0656,glass
0441,spoon
4550,cup
4165,plate
6270,spoon
6814,fork
4659,cup
8242,spoon
2001,plate
2019,knife
8262,fork
6280,spoon
7534,knife
3796,spoon
7906,knife
6636,glass
0507,fork
8324,plate
0792,knife
3245,spoon
2654,glass
2111,cup
1308,plate
8675,plate
2093,knife
2873,cup
8836,glass
0173,cup
2206,glass
9141,fork
0555,knife
9228,knife
9262,plate
9434,cup
8528,glass
2629,plate
1517,spoon
5719,knife
3204,plate
4943,fork
1560,cup
7718,spoon
4031,plate
9388,plate
1182,fork
2202,spoon
0294,cup
4052,knife
0861,plate
9418,cup
9040,cup
7601,plate
2200,cup
9413,glass
3719,fork
5998,knife
3443,cup
6563,spoon
5564,spoon
4520,knife
5521,plate
2451,knife
1087,knife
9290,spoon
0587,plate
6362,spoon
6855,glass
5235,spoon
4237,spoon
6478,glass
8050,plate
6327,spoon
4189,spoon
2117,cup
1764,fork
6464,spoon
5092,spoon
7386,spoon
4044,glass
7247,glass
2130,plate
6503,glass
4453,knife
5053,knife
6983,plate
6843,fork
1282,plate
4195,cup
1491,plate
6652,knife
4958,cup
0987,knife
2810,cup
2177,cup
2514,cup
0108,cup
8499,plate
6868,glass
8897,knife
3947,spoon
1662,fork
5640,knife
5688,spoon
5532,knife
1258,spoon
5582,spoon
0884,cup
8217,spoon
5163,plate
4449,fork
4887,knife
2087,knife
4320,cup
0337,plate
6810,knife
4132,knife
9419,fork
9330,knife
3333,spoon
9029,plate
9314,glass
5279,plate
6555,spoon
6184,spoon
6116,glass
0808,knife
8694,cup
3463,spoon
8911,plate
8865,spoon
6678,knife
8545,glass
1391,plate
9035,cup
3707,glass
6210,plate
5847,cup
0970,cup
8183,spoon
7770,knife
1200,plate
4627,glass
2909,spoon
7215,glass
8946,cup
9106,spoon
8646,glass
2334,knife
6231,spoon
4950,cup
6305,fork
8787,spoon
1271,glass
1845,fork
7052,plate
2805,glass
6829,cup
2899,knife
0357,plate
8681,knife
3938,knife
6052,spoon
1240,fork
6219,cup
1077,knife
0667,plate
5939,cup
8221,plate
2700,knife
3834,knife
9019,cup
1136,fork
9238,fork
0841,glass
4883,spoon
2894,glass
0958,knife
0533,plate
5398,glass
9062,spoon
2589,plate
8563,knife
6695,cup
9192,glass
7597,knife
4241,plate
8980,knife
5656,glass
1046,glass
7424,cup
2590,fork
3762,plate
5729,spoon
8738,plate
0191,plate
0306,plate
5326,spoon
8531,spoon
3587,spoon
1581,glass
7415,plate
0633,spoon
1720,plate
8839,cup
1520,knife
3927,plate
8038,knife
1266,spoon
7479,knife
5663,spoon
7728,plate
3521,fork
5263,knife
7319,plate
7773,knife
3100,knife
8931,plate
8971,cup
6992,knife
7259,knife
4975,glass
7435,cup
4071,cup
8485,fork
9161,glass
0602,knife
7290,cup
3149,fork
9165,cup
3093,plate
9328,cup
6165,plate
7523,glass
5884,plate
8517,plate
0326,cup
8442,fork
6007,cup
9190,fork
2606,plate
3484,plate
4277,plate
3229,cup
2656,cup
6046,spoon
8425,glass
3054,cup
9127,glass
5579,cup
6838,fork
2818,glass
5378,fork
8090,plate
9202,cup
5930,glass
0641,cup
2817,fork
4996,glass
6343,glass
8032,cup
7320,spoon
3592,spoon
2941,plate
3470,cup
8399,cup
5240,knife
1605,spoon
0608,plate
6733,knife
0756,knife
2225,knife
0623,fork
4923,glass
1926,cup
2476,glass
0269,cup
4582,cup
2636,knife
6319,fork
8229,plate
6607,cup
0020,cup
8453,glass
3901,glass
1484,cup
5891,knife
5940,fork
7810,knife
0411,spoon
6026,cup
1915,spoon
1736,spoon
1957,spoon
3394,plate
5626,spoon
5284,fork
6246,cup
8896,fork
8413,glass
3670,glass
9160,plate
4593,knife
8498,spoon
4623,cup
2948,cup
3178,glass
7119,cup
4013,cup
5836,plate
2377,spoon
2374,plate
3489,knife
4466,knife
8372,fork
5558,plate
7496,cup
6357,spoon
0662,knife
6076,cup
5895,spoon
3079,cup
3080,glass
7688,knife
2249,knife
2318,glass
0063,fork
4544,glass
7108,fork
7217,spoon
3164,plate
7819,spoon
3759,cup
6537,glass
3727,plate
4333,knife
6291,spoon
0565,spoon
7660,cup
2100,plate
1139,spoon
4229,plate
0556,fork
1092,cup
2903,cup
0611,plate
1031,spoon
3057,knife
1975,knife
7346,fork
0016,knife
4265,glass
5247,cup
0387,plate
7802,cup
5359,knife
6664,fork
0276,cup
0881,plate
8264,plate
5269,cup
3662,glass
7367,cup
9342,plate
3999,spoon
1267,glass
1217,cup
0922,knife
1765,glass
9015,cup
8716,fork
0401,glass
0570,plate
2048,plate
7265,spoon
2014,knife
5599,cup
8715,fork
6284,spoon
0413,plate
5823,glass
4682,plate
4512,plate
8094,cup
4497,fork
5535,cup
3122,fork
2512,cup
1609,plate
2610,plate
3183,cup
6117,cup
6269,knife
1433,cup
3889,knife
2696,cup
4152,cup
7755,spoon
7885,spoon
1597,plate
9122,cup
6616,spoon
7710,plate
7394,spoon
6176,spoon
8360,fork
5099,glass
1286,cup
0624,plate
6256,spoon
3581,plate
1425,plate
3639,glass
1249,cup
2683,cup
4491,knife
5317,plate
3539,spoon
3561,plate
6710,fork
3505,plate
5693,glass
4045,plate
4538,spoon
8965,cup
1728,cup
1664,spoon
8509,cup
2809,plate
8614,spoon
2204,plate
5307,spoon
6773,fork
5973,cup
1110,plate
4925,spoon
5671,spoon
7206,spoon
6018,spoon
6440,spoon
4341,cup
3771,knife
5292,fork
9404,knife
0277,plate
3818,cup
8285,knife
7573,spoon
9247,fork
0979,glass
0176,fork
7038,cup
4531,glass
7658,plate
0331,cup
3862,glass
1278,plate
8992,fork
3896,plate
8508,cup
0637,plate
1131,plate
8065,knife
1902,glass
4420,plate
3903,plate
6531,cup
3777,plate
2842,cup
5957,spoon
1220,glass
7526,cup
8941,spoon
4836,knife
8412,plate
1017,cup
2780,plate
0140,knife
6976,cup
5412,cup
4864,cup
5396,plate
4547,cup
7872,cup
1404,fork
0574,spoon
4435,spoon
8008,cup
1494,fork
2311,fork
5766,cup
7540,fork
4059,cup
7072,knife
5715,plate
2479,cup
0332,glass
3698,fork
6426,spoon
7553,glass
8868,fork
3859,cup
9383,plate
2883,plate
7640,fork
8340,plate
1936,plate
7456,spoon
1914,cup
2747,plate
3417,knife
5499,plate
2657,spoon
8964,cup
4171,plate
4495,glass
9279,plate
6839,plate
1337,spoon
8049,knife
6441,knife
1716,glass
8671,cup
1238,glass
1036,glass
4343,spoon
8185,fork
8578,plate
6359,spoon
2565,spoon
4992,cup
5692,knife
0207,spoon
5948,cup
4806,knife
8067,spoon
2335,cup
1868,knife
7790,plate
5531,spoon
3031,spoon
1578,fork
8060,cup
4314,fork
4094,plate
6872,fork
5907,plate
6110,cup
2306,cup
5619,glass
5975,knife
4136,cup
2247,plate
8743,cup
1213,spoon
9211,cup
0959,plate
8311,plate
5187,glass
5644,fork
6581,glass
2090,plate
3064,knife
4159,spoon
6809,spoon
7837,spoon
5257,plate
7336,glass
3263,glass
6995,knife
2867,plate
8149,glass
7101,fork
2855,plate
5385,knife
2485,spoon
5036,cup
4310,plate
7075,cup
3082,glass
8132,spoon
0486,plate
7150,fork
1248,plate
7483,glass
7654,cup
0329,knife
7298,spoon
6347,cup
7076,spoon
5889,plate
5827,spoon
9117,plate
0774,plate
7898,cup
5004,knife
8686,spoon
5175,glass
4473,plate
6249,plate
1232,knife
3036,glass
4630,plate
5497,glass
8984,plate
8203,plate
2294,plate
2428,spoon
1508,plate
5863,glass
8001,plate
1464,knife
2043,spoon
2252,cup
4892,spoon
7812,fork
4450,knife
8375,cup
4625,cup
5432,plate
1634,cup
5653,cup
7065,spoon
8045,spoon
6234,glass
4328,glass
3273,fork
4928,cup
0490,plate
5934,knife
4936,plate
5280,plate
7647,plate
6173,glass
7768,knife
3173,spoon
7205,cup
6784,spoon
6447,fork
5941,cup
5185,plate
2666,cup
6522,cup
0986,spoon
7612,plate
5013,plate
0218,glass
8629,cup
9071,glass
7064,knife
1068,plate
2084,plate
1875,spoon
6816,cup
2865,knife
0730,cup
9298,knife
8523,glass
0576,spoon
0052,cup
8580,spoon
6126,glass
3793,cup
1401,fork
3805,fork
5893,fork
4284,cup
5826,spoon
8854,plate
3439,knife
4074,cup
2588,plate
6139,knife
0876,cup
5338,cup
3930,cup
7538,glass
4967,fork
8845,fork
2833,plate
3428,spoon
1073,cup
4108,cup
4054,plate
9129,glass
9063,cup
9182,cup
5248,knife
4501,cup
8073,spoon
0685,knife
5591,cup
7584,glass
3748,knife
1127,knife
1853,fork
9118,fork
8884,plate
6146,cup
6383,knife
1575,cup
8224,cup
2648,glass
4081,spoon
3830,glass
5539,glass
2513,plate
1911,cup
9366,glass
2434,cup
4711,plate
4430,fork
6757,plate
1121,plate
2264,fork
0752,plate
2672,knife
4912,knife
6492,knife
8863,knife
0600,cup
0301,glass
0010,plate
8281,spoon
8064,plate
2218,glass
2841,plate
8906,fork
5756,plate
6439,knife
2205,glass
5429,glass
0466,cup
5851,spoon
2743,cup
8470,glass
6527,knife
5563,cup
9094,knife
0227,spoon
3888,glass
2343,fork
2360,plate
7310,knife
6651,fork
6345,knife
5394,spoon
4564,plate
2349,plate
3723,plate
8452,cup
2092,plate
9440,glass
7437,glass
4852,knife
2703,plate
6793,knife
0285,glass
2425,cup
8915,plate
8289,plate
7799,cup
8912,plate
2068,fork
7507,plate
7535,plate
7625,cup
2253,glass
1931,spoon
4116,cup
8605,spoon
3092,knife
3824,plate
5225,plate
7256,knife
4747,cup
0650,cup
0882,fork
6382,cup
4930,cup
1130,cup
7751,cup
0682,fork
0559,plate
0883,glass
0299,cup
2529,spoon
6445,plate
0443,cup
2388,knife
0167,spoon
5059,knife
5244,cup
1696,plate
1254,spoon
7107,cup
1787,knife
4551,glass
2918,plate
3632,cup
1811,fork
5406,plate
0976,knife
4898,spoon
7162,fork
2723,fork
3217,spoon
7146,cup
6466,glass
8315,glass
8186,plate
1371,fork
7774,cup
6022,spoon
0568,plate
1925,cup
3569,fork
3487,spoon
1734,spoon
6907,knife
6371,plate
4408,fork
4274,cup
7338,spoon
4395,cup
1512,plate
8959,plate
2105,spoon
6726,fork
1010,plate
2567,spoon
8382,cup
7441,cup
8389,spoon
6978,plate
4216,cup
3745,glass
4065,glass
3047,plate
1740,cup
3616,cup
5812,plate
7585,fork
0648,spoon
9428,plate
1796,cup
0545,spoon
4446,glass
3501,cup
6615,spoon
5319,glass
0270,cup
3075,spoon
5179,knife
8778,cup
2843,knife
2008,cup
4569,knife
6413,cup
2027,knife
5054,cup
3033,glass
1857,plate
7414,knife
7745,knife
3286,knife
2003,plate
4851,knife
9397,cup
3838,cup
1719,cup
8983,plate
1173,glass
7548,plate
6067,glass
3882,cup
7340,glass
4292,knife
6323,glass
7429,fork
5690,spoon
6833,cup
8532,glass
4645,cup
8879,plate
9360,cup
3958,cup
7234,glass
3556,spoon
8572,spoon
1390,cup
7721,glass
2631,spoon
0672,plate
3543,fork
6216,glass
5882,fork
9203,knife
7165,fork
1435,cup
5312,glass
3119,glass
5144,plate
3431,fork
1628,plate
7702,knife
5194,spoon
8957,knife
8977,knife
4597,knife
6479,plate
6307,knife
5081,cup
4256,cup
1449,plate
8898,spoon
5316,glass
0187,fork
4741,fork
2670,glass
3661,spoon
9164,fork
0454,plate
2653,spoon
6663,knife
1099,plate
0683,knife
7686,plate
6723,cup
7293,glass
5811,glass
6155,glass
5883,spoon
0043,knife
2917,plate
5009,cup
9438,plate
1314,cup
2669,plate
7759,cup
7628,plate
4860,spoon
7886,fork
7307,knife
8293,plate
1927,plate
6042,cup
5764,plate
2447,cup
3738,plate
9020,glass
9300,glass
5779,glass
9028,knife
6352,cup
6241,cup
5736,knife
3679,plate
7771,plate
4921,cup
8167,glass
2929,knife
1874,cup
6487,plate
1351,fork
2168,fork
5342,knife
4398,knife
2575,cup
2460,plate
1932,plate
4350,cup
3421,glass
3103,knife
5607,cup
4880,spoon
6353,fork
7743,knife
2363,glass
6170,cup
8599,cup
2885,cup
7592,fork
0996,spoon
6820,glass
0416,fork
6027,plate
0584,glass
8432,cup
7621,plate
0117,plate
0201,knife
9299,spoon
5169,spoon
7530,plate
9233,fork
6265,cup
4881,plate
3350,fork
1361,knife
3739,plate
0812,glass
4099,cup
0327,cup
8161,glass
4482,spoon
3386,cup
0399,knife
6863,knife
2773,spoon
2771,plate
4221,plate
1761,glass
6535,knife
0897,spoon
8037,plate
3721,knife
7832,cup
5203,plate
1618,knife
2536,glass
0057,spoon
8374,cup
1827,knife
7542,glass
4819,spoon
7139,glass
7861,knife
4953,spoon
7379,cup
2484,cup
2802,plate
4285,cup
1558,glass
3007,plate
6760,cup
9286,plate
7246,glass
5711,fork
7114,spoon
7863,plate
0814,cup
7299,plate
6095,knife
5246,knife
5149,plate
3599,fork
4509,glass
4347,spoon
5629,fork
3120,plate
4848,glass
6138,glass
0083,plate
0520,knife
2480,plate
1548,knife
4820,knife
6044,knife
6051,plate
4106,plate
7782,spoon
0040,spoon
9323,spoon
6864,cup
5222,knife
2905,glass
2179,spoon
1016,cup
7555,plate
2665,cup
2736,glass
4111,cup
7804,knife
2231,plate
6423,knife
7741,spoon
4075,spoon
0254,glass
3590,spoon
3595,spoon
4179,cup
6050,glass
8744,glass
8730,spoon
4942,plate
1546,knife
7331,glass
3186,glass
3522,spoon
8201,plate
0721,knife
3004,knife
6977,knife
0163,fork
5451,fork
9284,glass
5094,fork
0579,spoon
4330,knife
7363,glass
8222,knife
0048,spoon
8440,plate
8725,knife
8376,glass
8465,knife
1083,knife
7404,glass
5735,spoon
6943,plate
3558,spoon
3846,glass
8708,knife
8760,spoon
3225,cup
1018,fork
1905,knife
5621,plate
8497,cup
4097,knife
6321,spoon
4113,plate
2504,knife
1406,cup
4821,spoon
5048,cup
4876,cup
7543,knife
0948,spoon
8305,knife
7130,glass
0850,plate
0438,cup
1688,glass
2598,knife
1244,cup
6124,plate
5681,cup
1567,knife
0989,spoon
3722,fork
6857,cup
4458,plate
6281,spoon
5071,cup
8168,fork
8870,glass
0638,fork
7026,plate
9285,plate
7814,plate
7291,glass
1841,glass
8885,knife
1883,cup
4374,spoon
4003,cup
7566,plate
7157,plate
2688,cup
8792,plate
5223,cup
1579,cup
1510,plate
7439,spoon
8753,plate
5845,knife
1376,knife
7141,knife
4986,spoon
5979,plate
5677,plate
0511,cup
3331,cup
1953,plate
4965,plate
0696,plate
2932,fork
3602,plate
3676,fork
4197,spoon
0310,spoon
9267,glass
8591,glass
8386,cup
8252,spoon
6824,spoon
0540,knife
7678,spoon
4897,spoon
3893,cup
5520,cup
3640,plate
7337,glass
9321,knife
3492,plate
5214,knife
2603,knife
1148,cup
0646,glass
5755,glass
9128,plate
1456,fork
3446,plate
8837,plate
3681,glass
7529,cup
8404,cup
4463,cup
5534,plate
6553,knife
1580,glass
2007,plate
3305,knife
4578,glass
8775,cup
4742,knife
6959,glass
0609,spoon
1447,spoon
5041,spoon
4086,cup
6112,glass
7517,knife
1689,glass
2970,spoon
4259,plate
1627,cup
6541,plate
2911,knife
4035,fork
4997,knife
8991,fork
7690,cup
1622,glass
3693,cup
2368,spoon
7110,glass
3221,cup
8131,plate
1410,spoon
9344,cup
4662,knife
6928,spoon
5828,spoon
0319,glass
9364,spoon
5109,glass
0181,knife
1003,spoon
6627,glass
1369,plate
5857,spoon
7527,cup
8411,spoon
4900,spoon
0616,spoon
2715,cup
8443,glass
4844,fork
6433,plate
3084,cup
8612,fork
2767,cup
5872,plate
1284,glass
2745,knife
5917,plate
3514,knife
2399,knife
3126,glass
5932,cup
2615,plate
8825,cup
7131,plate
5746,glass
4187,spoon
2580,cup
6073,spoon
6858,fork
4748,glass
5794,cup
3638,spoon
4508,cup
7267,spoon
1432,knife
7133,plate
7396,cup
5561,glass
2102,knife
8822,knife
7216,plate
2543,plate
0951,spoon
8258,plate
6578,plate
4100,cup
5215,cup
6238,glass
6832,knife
0879,spoon
7571,plate
7454,cup
0375,plate
3413,plate
4295,spoon
7179,cup
8996,plate
3766,fork
8746,cup
4278,plate
3397,knife
5441,knife
4426,spoon
5645,fork
0446,cup
2601,knife
0370,spoon
6135,knife
3304,glass
3742,cup
3497,fork
1942,plate
0473,knife
9237,knife
6583,cup
2559,cup
3588,plate
8916,fork
5526,cup
8333,fork
4227,knife
6167,cup
5344,spoon
4589,plate
2825,cup
4464,plate
1095,fork
3150,knife
7596,cup
1329,spoon
5987,spoon
2180,spoon
6144,plate
0810,cup
0704,cup
2078,spoon
1343,glass
2198,cup
5954,knife
5487,plate
8046,spoon
1966,plate
4935,cup
1984,plate
6916,fork
1093,glass
4434,plate
5724,knife
3873,fork
1330,spoon
6613,knife
6224,plate
3066,knife
7301,cup
7148,glass
2926,plate
7781,cup
7583,cup
8844,knife
8180,cup
7002,spoon
6633,knife
6587,knife
4364,plate
0481,plate
3624,plate
6414,spoon
6982,spoon
5270,spoon
1981,plate
0613,glass
7617,glass
5769,cup
4785,plate
3776,knife
4708,knife
5537,cup
6232,cup
6105,glass
0895,knife
2071,fork
8014,plate
1562,knife
5615,spoon
0828,fork
5701,spoon
0266,plate
2757,cup
0928,plate
5407,fork
6900,glass
1614,spoon
6191,plate
0080,glass
2021,plate
5598,knife
5073,plate
1495,spoon
7788,knife
8659,cup
0688,cup
2337,spoon
4412,spoon
2901,cup
4149,plate
3111,fork
0769,fork
4481,plate
2382,spoon
5909,glass
5675,knife
5723,spoon
0775,spoon
1703,knife
0120,cup
5119,plate
6190,spoon
6127,cup
3133,fork
2328,knife
8918,cup
3146,knife
6335,cup
6646,cup
5315,knife
0082,cup
7190,spoon
1268,glass
6388,spoon
9180,knife
5461,plate
6569,spoon
8400,knife
2351,knife
1141,knife
8150,spoon
3941,spoon
7789,fork
6731,knife
1623,knife
3545,knife
1990,glass
7680,fork
4696,glass
6223,plate
0497,spoon
1334,fork
3613,fork
7385,plate
8097,spoon
3011,glass
2623,spoon
8502,cup
4226,knife
8477,knife
4560,cup
4231,plate
3507,cup
0754,glass
8881,knife
5039,knife
7681,fork
2596,plate
4771,glass
0977,glass
4944,spoon
2649,cup
6235,spoon
5968,knife
6407,knife
5702,cup
8406,spoon
7533,knife
1230,plate
2292,fork
6996,knife
6971,cup
0290,cup
4527,plate
8963,cup
5870,fork
7736,fork
2094,cup
7842,cup
4002,knife
4348,spoon
8230,spoon
6408,glass
3219,plate
6958,spoon
0253,knife
6753,spoon
0899,plate
3336,spoon
1821,knife
7742,spoon
4866,fork
7365,plate
4091,glass
4765,fork
5556,knife
7213,glass
5816,cup
4502,cup
1721,spoon
5068,plate
6614,cup
1265,knife
7416,plate
5592,cup
2097,knife
9061,spoon
6013,glass
2316,cup
8685,spoon
9441,cup
7142,knife
4007,fork
1297,spoon
0635,fork
2176,plate
7372,cup
1198,glass
4629,fork
5726,spoon
8632,knife
7411,glass
5070,glass
4628,cup
5915,cup
6237,glass
3055,spoon
1994,plate
9139,cup
3266,knife
1186,spoon
5480,cup
3232,plate
3104,cup
1313,plate
7327,fork
8136,glass
8035,fork
4800,glass
9006,spoon
0482,knife
3042,plate
0877,plate
5093,knife
1806,plate
6649,knife
2213,glass
5672,knife
8133,cup
2962,cup
0267,plate
3000,glass
7912,glass
3932,cup
5841,cup
6825,spoon
4780,knife
9307,spoon
6226,plate
3435,glass
1603,plate
5691,spoon
7633,spoon
8647,knife
4516,knife
5450,fork
6657,plate
5538,glass
1783,cup
1444,spoon
0873,spoon
0094,cup
5286,cup
4239,fork
8798,knife
8177,plate
0816,plate
8144,plate
2555,knife
2250,cup
4691,plate
5172,knife
8518,knife
6754,plate
6489,plate
1392,plate
8275,spoon
1252,plate
5452,spoon
2010,cup
7123,knife
0758,knife
1496,fork
7602,fork
5146,spoon
6363,spoon
4172,cup
2125,cup
4524,plate
0368,plate
3548,spoon
3520,knife
2748,cup
8263,plate
1211,spoon
9213,plate
8966,cup
5494,plate
2622,plate
0433,plate
4689,cup
3141,glass
5643,fork
3210,cup
0165,plate
3909,knife
3318,spoon
2191,spoon
6558,plate
6991,spoon
6956,spoon
5965,plate
7897,plate
0711,plate
3140,cup
2466,plate
4605,cup
8893,cup
5570,cup
6493,glass
4146,knife
3821,plate
3646,fork
4323,spoon
8353,knife
7031,cup
7271,glass
0245,spoon
7359,cup
6676,plate
0065,plate
4255,plate
9132,fork
5808,spoon
1144,cup
6024,knife
3159,glass
4298,fork
4360,glass
4438,knife
0474,plate
2477,spoon
3267,spoon
5382,plate
2149,plate
1126,plate
2914,spoon
4805,glass
8189,plate
6417,knife
4756,plate
0652,knife
6431,knife
0157,plate
7007,fork
2708,plate
0318,plate
0631,plate
7854,spoon
7549,spoon
7620,cup
6967,plate
2072,plate
1203,fork
2581,cup
5864,plate
2934,plate
1307,glass
0689,cup
2804,cup
4553,plate
3863,cup
1900,spoon
3516,fork
6476,knife
0126,cup
1908,glass
1649,spoon
8846,plate
8195,cup
1977,fork
1207,glass
1711,cup
5108,fork
6005,plate
9176,cup
7472,glass
0095,spoon
5224,plate
1707,fork
7145,knife
8397,glass
2854,plate
1590,knife
5696,glass
7049,cup
8584,spoon
2996,plate
0423,plate
6618,knife
9253,plate
7754,fork
8437,cup
2806,glass
2896,fork
5402,plate
7189,glass
0872,knife
3490,knife
7635,plate
8718,fork
3362,knife
1436,fork
7120,plate
6610,cup
3166,glass
5124,fork
5820,plate
8934,fork
2051,spoon
9011,plate
2849,spoon
9107,fork
8886,glass
4163,fork
1275,cup
7111,glass
3341,knife
2664,plate
4566,plate
3461,cup
6846,knife
0960,knife
5237,spoon
5078,fork
4405,cup
1855,knife
4503,plate
8070,fork
0321,spoon
3063,plate
4373,knife
1362,knife
6314,cup
3499,plate
3444,spoon
5573,cup
5022,glass
1463,cup
8121,glass
6049,plate
5321,knife
4076,plate
7598,plate
8410,plate
0557,cup
3226,glass
2566,glass
4452,cup
7900,plate
1812,plate
7572,fork
4749,spoon
8880,plate
2032,knife
8182,fork
6942,cup
5713,cup
5273,spoon
5804,plate
8188,glass
0793,plate
1156,cup
8402,fork
9338,spoon
4886,plate
4151,knife
6708,spoon
8213,plate
8367,knife
5295,plate
5885,cup
7805,glass
2947,plate
1959,knife
1653,spoon
9030,plate
8895,fork
0367,plate
1072,knife
2563,knife
7326,spoon
5046,knife
4129,knife
0543,fork
6192,spoon
4419,knife
7353,plate
0971,plate
3160,spoon
2028,knife
2047,plate
8704,spoon
1045,fork
7691,cup
2592,knife
8567,spoon
7829,cup
6272,spoon
7330,cup
3170,cup
5757,plate
1880,plate
8463,plate
4652,spoon
0003,cup
3384,cup
7801,plate
0738,plate
9444,spoon
9234,cup
7009,cup
3298,knife
0552,spoon
2785,fork
3656,spoon
9002,knife
6873,knife
0119,fork
4322,spoon
5950,cup
3022,plate
0679,knife
7767,plate
8633,glass
5034,cup
3337,plate
5822,cup
3837,cup
2505,spoon
2165,cup
7651,plate
6955,glass
3268,knife
3763,spoon
7222,spoon
2838,plate
2039,knife
4963,plate
0200,fork
3107,cup
2758,plate
2755,knife
5198,plate
1067,cup
9429,fork
0177,plate
4490,knife
2371,cup
5245,knife
6737,plate
9003,spoon
8593,fork
5912,glass
3586,spoon
7521,cup
1221,spoon
4647,spoon
4369,knife
4896,glass
6884,fork
0571,plate
8663,spoon
5958,cup
6823,spoon
3921,knife
1551,fork
5824,plate
7715,plate
5525,plate
0235,spoon
3013,knife
4606,plate
3105,knife
7389,plate
1298,glass
0791,spoon
6794,knife
2551,fork
2174,cup
9090,knife
6935,spoon
6236,plate
0077,plate
0567,spoon
0118,spoon
1309,fork
0215,plate
1400,plate
8908,spoon
3040,cup
5667,plate
8808,cup
4303,plate
5462,cup
3314,knife
4888,knife
1168,fork
0073,cup
6940,cup
5969,plate
5032,plate
4762,fork
2518,plate
3393,knife
7401,cup
8582,spoon
5911,plate
6339,spoon
6453,cup
1709,plate
3653,glass
4690,plate
6294,plate
3496,knife
1053,plate
7449,plate
8495,cup
2189,knife
0478,spoon
5353,spoon
0561,fork
5361,cup
5305,plate
0434,plate
2860,spoon
1933,knife
6006,plate
7144,cup
3945,fork
7443,glass
8561,glass
7177,cup
0954,spoon
4752,glass
9354,spoon
6534,plate
8597,plate
9114,cup
5291,knife
0526,cup
2254,cup
4119,fork
5717,glass
3469,spoon
8506,cup
0111,plate
8710,spoon
0403,cup
1441,glass
5773,plate
7023,cup
4475,fork
5477,glass
8316,cup
7697,spoon
4460,spoon
7747,cup
6452,spoon
8174,cup
8301,glass
8248,glass
1950,plate
0023,knife
3926,glass
4287,fork
1355,knife
6573,cup
8592,spoon
5913,fork
3115,glass
2511,fork
6053,spoon
1333,glass
5205,plate
4039,glass
0764,plate
1408,glass
1422,spoon
7407,glass
0961,glass
8304,spoon
6751,glass
4290,knife
0654,cup
4751,spoon
0179,plate
4927,spoon
4631,spoon
2678,cup
6111,plate
9218,spoon
7894,plate
2127,plate
3316,cup
7227,plate
7792,spoon
5097,cup
1420,cup
0657,knife
0362,cup
5797,cup
3532,plate
3630,cup
1146,spoon
5226,fork
6482,spoon
0400,spoon
9060,cup
5871,fork
5976,glass
5200,knife
2414,knife
2146,plate
5595,cup
6548,plate
8027,knife
3773,cup
9134,cup
5846,glass
3571,fork
5890,fork
4542,knife
6419,knife
2265,glass
0391,glass
0647,spoon
3533,knife
8492,fork
8522,spoon
5749,glass
1505,glass
6239,plate
0257,knife
7344,spoon
3684,glass
6687,knife
3312,plate
4066,cup
7051,cup
1233,fork
8227,fork
5168,fork
4793,cup
0471,glass
6867,glass
0904,knife
1363,fork
5253,fork
6765,plate
2940,cup
1974,spoon
1176,cup
4722,spoon
6079,knife
8960,plate
1151,cup
3158,knife
3950,plate
4238,fork
3843,plate
9318,cup
5647,cup
2145,fork
4215,plate
1285,fork
8641,spoon
1079,glass
4994,knife
3894,fork
5354,cup
0317,cup
0690,knife
1540,knife
8418,plate
5323,spoon
7444,cup
1771,knife
7634,spoon
2120,cup
5782,plate
6058,knife
3675,cup
4493,fork
4933,cup
1550,knife
1606,knife
4144,knife
0723,knife
4455,knife
4591,fork
3039,knife
3139,plate
6201,spoon
3486,plate
6350,plate
6918,knife
8543,cup
6137,glass
0495,spoon
2064,plate
0169,knife
3099,plate
8729,cup
6546,knife
0743,plate
7587,cup
5196,spoon
7486,knife
6716,cup
8381,plate
3731,fork
1028,spoon
8540,spoon
1799,cup
0859,plate
6812,fork
5795,fork
7209,cup
1615,glass
2796,plate
3282,cup
3143,spoon
6808,fork
0070,plate
8455,plate
9142,knife
0661,spoon
0209,cup
1530,cup
6844,plate
6690,knife
1976,plate
5728,knife
6703,glass
4184,cup
4811,spoon
4101,knife
6919,spoon
9309,spoon
9193,plate
7352,cup
8147,cup
6828,plate
5189,knife
5793,spoon
0449,plate
0439,cup
7447,cup
1138,spoon
2984,spoon
8667,cup
2114,spoon
3916,knife
5772,plate
9432,spoon
2339,plate
5568,cup
1078,fork
4223,plate
8237,knife
4906,cup
9068,glass
7171,knife
0394,plate
2378,glass
1339,plate
8068,fork
7769,glass
5593,cup
6129,spoon
5455,knife
4681,knife
7653,spoon
1007,cup
4228,cup
1445,spoon
3308,plate
4816,knife
8801,glass
7073,knife
9175,cup
8521,knife
1128,plate
2491,knife
0210,glass
6205,knife
6725,cup
8331,cup
3065,plate
3898,spoon
0842,knife
8166,cup
5062,plate
4258,spoon
0115,knife
2519,cup
6471,plate
0965,plate
5180,spoon
1208,glass
5761,cup
1359,knife
4763,spoon
2070,cup
0340,cup
4643,spoon
7552,spoon
3038,cup
4279,knife
1961,glass
0864,knife
3645,glass
8772,plate
1137,plate
3967,glass
2869,fork
8108,plate
2056,plate
0296,knife
1592,spoon
7269,glass
7862,cup
5875,glass
8558,plate
7881,cup
9336,plate
7335,plate
4656,glass
1686,plate
2576,spoon
4839,cup
8341,knife
7795,spoon
3342,spoon
1903,cup
7674,spoon
6409,knife
2201,spoon
8615,fork
4022,cup
1455,plate
8589,fork
2470,spoon
6797,plate
7254,fork
3030,glass
7459,plate
5705,cup
0081,glass
1800,knife
6722,plate
6755,spoon
2526,plate
1381,glass
3860,spoon
0806,knife
1386,plate
5102,glass
6459,fork
5759,fork
0091,cup
0713,glass
2573,fork
0377,knife
5367,fork
7609,knife
0232,glass
3946,plate
4980,spoon
4999,cup
3544,spoon
7300,fork
5448,spoon
0074,knife
1066,knife
2793,plate
6608,fork
1024,spoon
4781,plate
2936,spoon
8422,glass
4392,plate
0086,plate
6188,cup
2651,plate
6437,knife
2229,spoon
8505,plate
8864,spoon
7184,spoon
9430,plate
3237,glass
4895,plate
6670,fork
0853,fork
8750,plate
7845,knife
0736,spoon
5904,plate
5519,plate
8120,spoon
1636,cup
0705,cup
6142,cup
8524,spoon
5982,spoon
3414,spoon
8298,knife
3510,plate
6360,spoon
5399,glass
5174,spoon
6064,plate
7438,spoon
2132,fork
8378,cup
5157,plate
7813,plate
4174,plate
5077,cup
0483,spoon
9120,glass
2807,cup
2611,plate
6542,cup
3021,glass
3857,cup
6160,plate
3480,spoon
8713,knife
4778,fork
6920,plate
8466,fork
7849,plate
6094,fork
8600,cup
8925,plate
1545,cup
6789,spoon
0515,knife
6185,glass
7022,fork
8473,glass
4023,plate
2587,spoon
5089,glass
0292,glass
2076,glass
1347,spoon
2959,glass
4868,cup
1094,plate
9076,knife
9332,fork
0186,knife
8894,plate
3642,spoon
0980,cup
1234,fork
4443,plate
6120,fork
6311,knife
4367,plate
8804,spoon
0005,spoon
5588,cup
7151,knife
1532,plate
7192,spoon
2674,knife
3560,glass
4795,plate
2586,knife
8635,plate
7723,fork
8318,cup
8415,plate
1181,fork
3703,spoon
4050,plate
1142,plate
7744,glass
5141,fork
6612,plate
1675,spoon
1777,cup
2972,knife
7188,knife
6369,fork
3746,knife
4342,glass
8099,knife
5623,plate
4276,fork
6015,spoon
8927,spoon
5942,fork
0763,plate
2002,glass
8446,cup
2353,fork
0880,fork
0947,cup
3890,glass
2439,spoon
7421,cup
3674,cup
3718,plate
4874,fork
9056,spoon
3878,cup
8395,glass
3749,fork
1323,cup
7776,knife
2164,cup
1448,plate
9372,plate
7016,plate
4764,spoon
1470,glass
1882,plate
2697,knife
5426,glass
5748,fork
5042,cup
3550,cup
0906,knife
6443,knife
3607,spoon
0710,cup
3425,plate
1215,plate
7381,cup
2690,plate
3580,fork
4724,glass
2820,cup
1305,plate
7809,knife
7698,plate
9313,glass
6428,spoon
2467,knife
6989,glass
6326,knife
0871,fork
3782,glass
7383,glass
6451,spoon
3280,spoon
9005,glass
4619,spoon
3432,plate
5706,cup
3419,fork
2086,knife
2314,plate
7001,fork
9395,plate
6597,cup
8849,cup
5300,cup
9087,spoon
3685,knife
2305,cup
3641,spoon
3466,glass
1290,glass
1541,plate
4353,cup
6432,plate
2473,plate
5505,glass
8800,knife
5356,knife
7811,fork
3339,cup
8810,glass
1504,plate
8831,plate
2836,glass
3564,cup
0800,plate
5304,cup
3689,cup
8393,plate
2435,plate
6776,glass
4457,cup
3369,knife
3852,spoon
6430,plate
2859,plate
9049,glass
3194,knife
8479,knife
8994,plate
1044,fork
1701,fork
3370,cup
4575,glass
7276,plate
4391,cup
7772,fork
1918,fork
5127,cup
7656,glass
1732,plate
4371,fork
8302,cup
8020,glass
9425,glass
8773,knife
0069,cup
8291,spoon
0452,knife
1477,cup
4649,knife
0012,knife
3912,plate
5012,plate
8757,spoon
1987,plate
4376,plate
4556,glass
7757,spoon
3389,cup
0440,spoon
4156,plate
5800,spoon
6349,plate
0144,fork
4448,glass
3009,cup
0364,spoon
4529,plate
4768,spoon
1952,cup
5925,spoon
7082,knife
9042,cup
1852,glass
6781,fork
7364,spoon
6878,spoon
0777,plate
5298,plate
5278,knife
5150,knife
1354,plate
0017,cup
8626,plate
7818,cup
4586,plate
2874,cup
3382,knife
2800,spoon
4155,cup
3230,cup
2136,spoon
2044,glass
3649,spoon
5652,knife
4017,cup
9034,plate
2026,fork
4814,cup
9009,cup
7173,cup
6031,plate
6770,plate
8660,cup
3872,plate
4969,plate
1506,plate
4909,cup
2357,knife
0964,cup
0109,spoon
1598,fork
8433,glass
0547,plate
6035,spoon
0097,plate
8494,plate
1803,cup
0344,knife
0782,plate
6831,cup
5241,spoon
2882,plate
5990,glass
3045,cup
4699,fork
0195,glass
0036,fork
8172,glass
1204,cup
5830,cup
7525,knife
7021,fork
5212,spoon
8300,glass
9144,plate
2634,knife
7323,fork
3097,plate
2279,knife
2828,cup
2552,cup
1895,cup
6259,glass
2309,cup
8077,knife
4176,spoon
6881,plate
3187,plate
6993,glass
8297,cup
0279,spoon
5415,fork
3659,plate
3118,plate
8219,knife
0223,glass
0305,plate
0150,plate
8961,cup
5006,spoon
3617,knife
1319,cup
3144,plate
4442,glass
9365,cup
8576,spoon
6709,plate
6163,plate
4893,knife
4142,glass
2183,cup
8239,spoon
8216,spoon
4634,spoon
0619,glass
0856,cup
3243,fork
5680,glass
9048,spoon
2572,knife
5517,plate
6204,plate
7408,fork
0283,fork
1424,plate
3056,knife
8910,fork
0645,plate
2406,spoon
5164,knife
6455,cup
4614,glass
7675,spoon
5121,plate
8875,plate
8887,fork
0807,knife
7098,spoon
4797,cup
5631,knife
1091,spoon
5028,cup
1446,knife
6330,glass
8083,plate
3897,glass
8071,cup
3800,plate
6827,cup
0802,knife
7418,spoon
5313,plate
5115,cup
6143,plate
2545,cup
3216,cup
8662,spoon
4487,spoon
7349,glass
1116,cup
3955,glass
7032,plate
6404,plate
3205,knife
7589,plate
1671,plate
1042,knife
7125,plate
0282,glass
8244,spoon
4166,knife
8196,plate
8669,knife
7112,spoon
9303,fork
1588,plate
7520,fork
3535,spoon
6771,plate
2937,fork
0028,plate
7036,plate
6290,glass
1630,cup
5116,cup
3765,spoon
0569,plate
7463,glass
1898,glass
2215,cup
5454,cup
7659,glass
7816,plate
3465,knife
1500,spoon
3923,fork
3936,cup
6889,cup
3775,spoon
3973,glass
0599,plate
0891,cup
6209,knife
6520,spoon
0185,knife
0949,plate
9293,cup
2593,knife
6766,cup
0622,fork
8683,fork
5938,knife
9379,cup
2091,cup
5927,glass
3415,plate
8063,knife
6400,spoon
6036,plate
7069,glass
5120,plate
0509,fork
0450,spoon
9089,knife
0170,knife
0060,cup
8613,cup
8266,knife
4088,spoon
5796,cup
6645,spoon
7341,plate
9396,plate
8701,glass
9357,cup
0250,plate
5669,fork
4154,spoon
8763,glass
7624,spoon
8620,glass
6074,cup
1154,cup
0563,fork
4361,cup
4006,knife
2106,plate
5501,knife
8734,knife
0031,plate
6847,knife
1748,glass
5015,knife
8852,cup
1353,plate
4854,glass
1049,plate
0311,knife
0289,glass
0236,cup
1398,spoon
7716,plate
3344,spoon
5388,spoon
5125,cup
8356,knife
8525,spoon
8519,spoon
0835,plate
9311,glass
0934,plate
0258,spoon
0772,cup
9270,cup
0499,fork
1565,spoon
4286,glass
2602,fork
3252,spoon
3231,plate
5668,cup
7240,knife
2993,cup
0014,plate
4014,fork
1889,fork
8807,knife
4396,plate
4218,spoon
1185,cup
5936,fork
5010,glass
4784,spoon
8560,plate
6888,knife
7558,fork
7348,spoon
3240,spoon
3241,knife
7128,knife
5606,spoon
0699,spoon
5578,plate
7243,spoon
6495,glass
0603,plate
3024,cup
1396,plate
7117,cup
7079,plate
5158,knife
6047,knife
4557,spoon
3688,plate
4792,cup
3841,knife
6416,cup
3299,spoon
5951,cup
5419,glass
4005,glass
2722,knife
6626,knife
6196,plate
3902,cup
1006,knife
0405,plate
2137,glass
7081,spoon
8249,cup
8535,spoon
8657,spoon
1312,fork
6341,glass
3961,spoon
5876,glass
4403,cup
4157,glass
7212,plate
2187,fork
2831,cup
2271,glass
6861,cup
1678,cup
6068,glass
0813,spoon
2246,plate
1604,cup
8361,spoon
6306,plate
7875,knife
1459,glass
7864,glass
3601,plate
2441,plate
5349,cup
0404,plate
2612,knife
3420,knife
1829,cup
4206,spoon
9100,spoon
5259,cup
2726,plate
8819,plate
6245,glass
4723,spoon
0428,spoon
5463,spoon
2403,knife
5878,spoon
6220,glass
4941,cup
0242,spoon
4869,knife
4858,glass
9052,cup
3726,cup
4362,fork
3001,spoon
6150,cup
5134,plate
0936,plate
6252,glass
0203,cup
1109,knife
0171,plate
9349,plate
9241,glass
4849,plate
5458,cup
6114,plate
4319,spoon
1458,spoon
9221,fork
3029,cup
0360,cup
7328,plate
1667,fork
0866,cup
2474,spoon
1635,glass
4616,plate
3754,knife
1804,knife
3631,plate
8358,cup
4346,knife
3434,knife
5314,cup
1338,cup
8510,fork
6098,knife
4191,glass
5209,spoon
7362,plate
2638,spoon
5789,spoon
2046,plate
2085,knife
4769,knife
9230,cup
8496,glass
4139,cup
3905,spoon
4225,plate
3366,knife
0113,knife
9112,spoon
1482,plate
7295,spoon
0412,fork
5854,glass
6202,spoon
1677,spoon
1967,fork
4603,cup
2216,spoon
4169,spoon
2528,glass
6745,glass
4036,knife
8621,spoon
3345,knife
2619,plate
3211,fork
5506,spoon
7090,spoon
6964,glass
0099,plate
8789,glass
4610,plate
4051,cup
9356,fork
0581,plate
3202,knife
2813,cup
3948,glass
7219,cup
3677,knife
8673,plate
5301,spoon
5422,plate
8574,fork
4813,plate
8790,glass
1180,glass
6501,cup
2500,plate
4233,fork
1772,spoon
3398,glass
4867,knife
6136,cup
0935,knife
1140,glass
5252,plate
5239,cup
3108,knife
5721,spoon
7000,cup
4326,knife
1304,knife
3943,plate
4966,glass
3154,cup
4857,cup
8533,plate
8062,plate
9371,cup
3864,plate
6011,glass
1394,cup
1413,spoon
5471,knife
0216,plate
6685,knife
4824,plate
5670,plate
1583,spoon
0577,knife
4648,plate
5153,cup
2781,glass
2282,cup
0952,knife
7085,spoon
3614,plate
4208,plate
0153,cup
1366,spoon
4809,cup
8874,glass
0189,glass
1358,cup
6485,knife
5635,plate
8414,glass
4389,cup
3281,spoon
5555,glass
6102,fork
8850,plate
2707,spoon
4642,knife
9039,knife
6370,plate
4728,glass
6296,plate
5341,cup
8247,glass
3589,spoon
3401,glass
7324,glass
8048,plate
1792,spoon
7292,knife
3438,spoon
1993,knife
5380,spoon
4714,fork
4394,spoon
2260,glass
3811,glass
7063,spoon
7196,fork
1032,cup
2259,cup
6421,plate
9098,cup
8462,knife
0632,fork
4685,cup
7666,glass
6394,plate
9013,cup
0779,plate
1472,cup
9214,plate
8556,cup
6936,plate
8416,knife
8982,spoon
5325,cup
8153,cup
2778,knife
9209,glass
2384,fork
1184,plate
5550,knife
2034,spoon
2037,cup
7286,spoon
7840,fork
9412,plate
0983,knife
4282,spoon
8926,spoon
5771,glass
2866,fork
1081,glass
5908,cup
5960,knife
7473,spoon
8538,knife
9217,spoon
8956,spoon
3083,knife
8347,glass
5369,knife
0054,plate
2754,plate
8892,spoon
0240,fork
1986,glass
4533,glass
3989,cup
6758,plate
6590,fork
9305,knife
7476,fork
5229,knife
5518,plate
2746,plate
0521,fork
0586,fork
8011,knife
7725,plate
1997,cup
3101,fork
4546,spoon
6387,plate
5358,cup
4123,knife
8321,fork
7893,spoon
2148,fork
2171,fork
5002,knife
1723,knife
1595,knife
6215,spoon
9189,glass
7035,knife
0429,glass
3270,glass
0343,fork
9096,cup
8624,spoon
7711,spoon
5265,cup
7006,knife
5186,cup
6271,glass
4668,glass
5664,plate
7883,glass
8392,knife
1222,plate
7564,plate
5634,glass
6377,fork
3381,spoon
9417,cup
7423,knife
5023,glass
7426,fork
5322,plate
5076,plate
1089,knife
4266,knife
4884,plate
6571,spoon
0528,glass
6342,cup
4838,spoon
1655,glass
3361,plate
8824,plate
5994,cup
7158,fork
6639,spoon
1320,cup
1467,spoon
1384,cup
3979,plate
5357,glass
5829,cup
3797,glass
2418,glass
3017,glass
0803,knife
0805,knife
6819,glass
7677,cup
0817,glass
6683,glass
5802,glass
6115,plate
9103,cup
2913,knife
3593,spoon
4015,fork
5928,plate
7422,knife
0819,plate
6390,fork
3256,cup
7758,knife
5905,cup
2063,cup
2558,knife
7717,spoon
1947,knife
7667,plate
7673,fork
3724,knife
5684,knife
1499,cup
2058,glass
2924,cup
8512,glass
8184,spoon
2944,spoon
8233,plate
3526,spoon
9000,glass
9353,cup
1132,cup
7202,spoon
0562,glass
0894,cup
7387,glass
0659,knife
1060,knife
8342,plate
1481,plate
0700,knife
9133,spoon
8126,plate
0916,fork
5360,knife
8139,plate
5727,knife
4755,plate
6240,glass
1033,cup
5159,spoon
3933,glass
3652,plate
1576,glass
8438,glass
1001,spoon
6570,knife
3980,fork
0420,cup
5084,cup
0039,glass
8283,fork
0079,plate
3157,knife
0045,glass
9058,cup
5785,spoon
2765,plate
5233,plate
5468,fork
1443,spoon
4727,cup
6364,fork
0548,cup
3813,knife
2471,plate
7785,knife
0030,plate
1344,spoon
7502,cup
8953,cup
7272,plate
7488,fork
0104,cup
3665,plate
4877,cup
2459,plate
5035,cup
3895,plate
7163,glass
6938,cup
1071,fork
8325,knife
7198,spoon
1000,cup
6655,cup
7170,glass
4697,cup
0021,glass
0824,knife
8369,knife
2951,plate
0946,plate
7004,cup
5995,spoon
8417,cup
3148,fork
4393,plate
8689,plate
9258,plate
4818,plate
0183,plate
8295,cup
9223,knife
2000,spoon
2871,cup
5665,knife
7126,plate
1854,plate
9380,plate
2772,cup
4196,spoon
3537,glass
0932,fork
9424,spoon
3740,cup
4929,plate
3457,fork
0735,spoon
2494,plate
9047,glass
4919,knife
5100,knife
3206,spoon
8924,spoon
5978,spoon
5850,knife
7068,fork
2965,glass
2979,spoon
4922,cup
5614,spoon
2635,plate
0610,spoon
8148,knife
4077,glass
9033,spoon
8394,spoon
0444,spoon
2464,cup
9097,fork
8549,glass
8552,glass
9343,fork
5678,glass
7904,plate
3448,plate
3294,fork
3493,plate
1991,spoon
2499,plate
6551,cup
6438,glass
8770,spoon
4530,knife
1426,plate
4882,cup
9159,cup
9198,cup
8774,plate
1963,spoon
7694,plate
6288,spoon
1149,plate
5881,cup
6491,knife
0625,spoon
5372,plate
2327,plate
0580,plate
1171,spoon
1395,cup
3965,cup
1929,spoon
5937,plate
9001,fork
8569,cup
3612,glass
1790,plate
9398,spoon
7347,knife
1890,plate
2641,fork
4842,knife
8803,plate
2760,knife
0591,cup
6694,knife
6691,fork
8590,fork
5182,spoon
4451,cup
9174,spoon
7097,spoon
2508,fork
7689,plate
6906,cup
1021,cup
8484,glass
4731,plate
0985,knife
3052,plate
7911,cup
7419,spoon
0049,plate
0905,fork
2709,spoon
8066,cup
6515,glass
4562,spoon
1134,glass
3412,glass
9181,plate
1169,glass
6263,knife
3106,fork
3483,knife
1388,glass
5333,cup
6302,plate
4615,cup
3426,glass
4754,knife
7018,cup
2186,fork
1751,glass
4092,plate
2242,glass
8955,cup
4137,spoon
7380,plate
2167,spoon
0931,cup
3761,cup
5047,knife
1509,knife
0751,fork
0085,plate
0263,spoon
9264,glass
6768,plate
0837,glass
0129,cup
2307,spoon
2203,plate
1479,plate
3343,cup
1589,cup
2445,spoon
3570,spoon
6782,knife
7474,glass
2366,glass
7877,spoon
5003,knife
8141,knife
2121,knife
1490,spoon
7241,spoon
1919,knife
6121,knife
0041,cup
7193,knife
9245,knife
7231,spoon
8270,spoon
8913,plate
8693,plate
3396,knife
3867,plate
1992,knife
6594,fork
5741,cup
7593,cup
3096,plate
1840,fork
7210,knife
0260,spoon
5530,glass
3356,cup
4573,plate
8061,knife
0903,spoon
5340,plate
6406,cup
7223,spoon
6351,plate
8690,cup
7083,cup
1086,spoon
1965,plate
7306,plate
6285,glass
0920,spoon
2987,plate
2667,fork
5130,plate
3272,plate
8346,fork
5961,glass
7115,plate
5865,cup
5610,cup
5853,spoon
4991,knife
4124,cup
1599,fork
8357,fork
7375,glass
5763,knife
2816,spoon
6672,spoon
1124,knife
1012,spoon
5496,fork
4331,cup
6963,knife
0409,spoon
7250,cup
1759,plate
2548,cup
3224,plate
2632,plate
5819,knife
4016,plate
7561,knife
5348,spoon
1476,fork
6077,cup
0380,plate
5620,knife
2426,spoon
3892,plate
9327,plate
7393,plate
6109,plate
7532,cup
2978,plate
0896,fork
1690,cup
0468,cup
4294,glass
4454,knife
3116,cup
2693,fork
4940,plate
4720,spoon
0374,fork
9274,spoon
8194,cup
5324,spoon
6969,fork
9236,cup
5060,knife
2679,plate
3399,fork
6946,knife
4984,plate
5803,fork
7041,spoon
4650,plate
5155,plate
8503,knife
2326,knife
5166,glass
8405,knife
7287,knife
6043,cup
1008,spoon
5079,cup
8383,glass
1731,knife
5877,spoon
0330,cup
2704,cup
6227,knife
9437,glass
4205,glass
2413,spoon
1726,plate
9244,glass
4522,plate
5971,plate
6704,cup
3538,cup
6565,knife
0417,fork
6701,knife
8520,knife
3479,glass
5649,spoon
5485,fork
5026,knife
3406,spoon
5725,plate
7201,spoon
1030,glass
3053,knife
8625,glass
6195,spoon
4545,cup
4275,glass
4120,plate
4678,plate
4910,spoon
8143,plate
3969,plate
7284,plate
2877,glass
1835,cup
6582,plate
9101,plate
9420,cup
5933,cup
2522,knife
4734,glass
8355,cup
5513,spoon
5637,plate
6391,plate
3557,spoon
9326,knife
0025,knife
4947,spoon
1190,plate
2676,plate
7783,spoon
9347,spoon
9065,plate
6865,cup
6275,cup
2863,glass
6744,plate
6759,plate
3015,glass
3402,spoon
0753,cup
4937,glass
7028,cup
8799,cup
2876,knife
1214,cup
6813,spoon
3296,cup
8997,knife
4841,fork
1673,glass
4145,plate
1564,glass
4846,spoon
4428,knife
0628,knife
1788,knife
0098,plate
0107,plate
7848,plate
7817,knife
8950,knife
4281,knife
6435,spoon
3238,cup
8257,fork
1335,fork
1910,spoon
8985,plate
0501,fork
0707,glass
4847,plate
6532,plate
9140,fork
3329,plate
1867,spoon
9050,cup
0639,cup
6268,fork
5058,fork
4030,cup
5393,spoon
0480,plate
6298,cup
2799,knife
7733,plate
0732,glass
8834,cup
1118,plate
4507,plate
4200,knife
3839,plate
0172,plate
7503,knife
7536,spoon
2564,spoon
6055,plate
5087,cup
9083,spoon
5642,fork
0333,plate
3509,spoon
3506,spoon
6287,spoon
5849,knife
0419,knife
3781,fork
2013,fork
1596,spoon
0523,fork
4985,plate
8450,knife
0142,cup
2217,plate
8830,plate
4920,plate
5446,knife
5264,cup
8902,plate
6668,fork
1302,spoon
9010,cup
6412,cup
8993,spoon
0642,knife
3223,knife
3577,cup
5600,fork
2711,glass
1708,glass
6950,plate
8238,glass
6949,plate
6767,plate
4746,spoon
5281,plate
0455,spoon
0004,plate
8026,spoon
2080,fork
4995,knife
1120,plate
7763,glass
9235,cup
1572,knife
5373,knife
2295,plate
4472,fork
6292,cup
9340,plate
2983,glass
8146,knife
3966,cup
1934,knife
3212,glass
2369,fork
8460,fork
4083,plate
2955,plate
7892,glass
0525,knife
6017,plate
0464,glass
4901,cup
8603,glass
5165,plate
6632,plate
5806,cup
1785,cup
5457,cup
6171,knife
5491,glass
5999,fork
5548,plate
2275,plate
1195,cup
5662,plate
3327,plate
3877,cup
1656,fork
7334,glass
8102,plate
3278,fork
2691,spoon
1451,glass
5337,knife
7471,fork
1831,spoon
8967,knife
6738,spoon
2794,knife
5993,knife
6097,knife
6660,cup
5122,spoon
8272,knife
4641,spoon
7722,fork
2354,plate
0968,cup
8004,glass
2523,fork
6528,spoon
6040,cup
9363,knife
2273,fork
7508,spoon
1620,cup
4338,glass
8514,cup
3207,plate
5404,plate
0776,spoon
8040,spoon
8929,glass
7311,cup
9348,knife
3812,fork
7493,spoon
5080,knife
0479,knife
4390,fork
6638,spoon
4117,plate
6313,plate
5679,cup
3572,spoon
8723,spoon
8250,plate
0492,cup
7178,cup
5842,spoon
6193,fork
3633,glass
5303,knife
1585,knife
8207,fork
7618,knife
4519,fork
5758,glass
3704,cup
9043,fork
3200,cup
2930,fork
2141,glass
6970,plate
2819,cup
5256,plate
0061,cup
1187,knife
8419,spoon
0205,spoon
9319,cup
9331,spoon
6141,fork
7857,cup
2897,glass
6385,cup
9355,cup
8451,glass
3651,spoon
3392,spoon
8813,plate
6994,glass
2350,plate
8025,plate
2011,spoon
7497,spoon
6671,knife
6422,spoon
5397,cup
7161,spoon
0465,knife
6764,glass
5086,spoon
2974,knife
0885,glass
9231,knife
0541,glass
1801,cup
2276,cup
4186,glass
3695,glass
1856,knife
3109,plate
0162,plate
6866,cup
7622,plate
1554,cup
1861,knife
1417,knife
0944,fork
7828,knife
5585,cup
6721,plate
5105,cup
2210,plate
2695,knife
0698,knife
0712,cup
2609,glass
7901,glass
2472,glass
3152,spoon
7562,glass
4244,cup
4945,glass
1373,spoon
1648,fork
4952,cup
8501,glass
0062,knife
0408,spoon
7321,cup
5152,cup
1135,fork
0614,plate
4588,plate
3628,knife
9369,glass
2787,glass
7537,glass
9278,cup
1327,spoon
2197,cup
9072,spoon
7850,plate
7737,plate
5481,cup
0349,plate
4439,spoon
5192,cup
9435,plate
9239,plate
6303,spoon
4130,plate
8481,plate
2118,glass
3576,plate
6334,cup
1923,knife
7294,knife
1810,cup
1837,knife
4122,cup
7547,knife
5627,spoon
1687,cup
8655,cup
4654,knife
7410,spoon
1037,fork
8855,plate
6718,knife
3310,glass
3276,spoon
3728,fork
6230,spoon
9152,plate
2173,knife
2380,fork
3353,cup
5805,plate
9225,cup
7663,plate
8791,cup
2753,spoon
6804,glass
0627,plate
0382,knife
2348,cup
3710,plate
8695,glass
7808,glass
6393,spoon
2776,spoon
7153,cup
8570,plate
7815,fork
3987,plate
3720,plate
0739,knife
7258,knife
0626,glass
3163,spoon
6525,plate
8706,glass
5479,plate
5056,glass
6207,fork
8370,fork
5375,knife
8106,glass
4859,plate
8776,fork
7856,glass
3374,cup
0386,plate
1766,cup
7839,fork
3156,plate
2024,knife
0338,knife
4462,cup
6600,glass
2830,spoon
6871,cup
7657,cup
8163,glass
1838,fork
2594,spoon
6198,plate
4738,fork
8128,fork
7705,spoon
2289,fork
1878,plate
6497,plate
4268,glass
6609,glass
3102,cup
1069,spoon
8742,knife
4329,spoon
6972,spoon
6373,fork
7577,cup
1819,spoon
7371,plate
5605,glass
5963,fork
8330,fork
6168,spoon
4383,spoon
2455,cup
1587,glass
6567,fork
2478,fork
1685,knife
2961,glass
1465,cup
7578,spoon
5798,knife
6714,plate
3555,knife
1076,cup
0335,spoon
8785,cup
2437,plate
4837,plate
6398,knife
5044,fork
8098,plate
2585,fork
4249,spoon
4242,cup
7524,plate
2188,cup
2069,cup
3992,cup
6183,cup
6332,glass
1163,plate
1985,knife
4082,spoon
8568,knife
0208,plate
4352,fork
2659,glass
3006,cup
2542,glass
3288,glass
8241,fork
5611,fork
0228,plate
3130,knife
7550,glass
9291,knife
1292,knife
8403,glass
2415,glass
6434,plate
6750,knife
0742,cup
6805,fork
1733,knife
4261,spoon
0244,plate
5420,cup
9317,spoon
3552,plate
1293,spoon
8645,spoon
7882,cup
0206,spoon
3190,knife
8303,plate
5453,glass
4461,knife
8034,plate
3816,plate
6179,plate
7506,plate
7229,plate
1849,fork
6686,spoon
6000,spoon
1317,glass
0256,glass
1746,knife
9339,cup
5437,spoon
1055,spoon
3717,plate
3802,knife
8861,knife
7766,glass
1231,knife
0124,knife
6742,cup
1574,cup
6746,knife
3562,cup
5052,glass
